1-B ,Nazimabad to Tower,Nazimabad, Bara Maidan, Lasbela, Lawrence Road, Barness Street, Bandar Road, Tower
1-C ,M.P.R Colony to Sultanabad,M.P.R Colony, Qasba Colony, Banaras Colony, Pathan Colony, S.I.T.E, Habib Bank, Bismillah Hotel, Gandhi Garden, Garden Road, Plaza, Regal, Shahrah-e-Liaquat, National Museum, Tower, Sultanabad
1-D ,Ittehad Town to Cantt Station,Ittehad Town, Torri Chowk Sector II, Orangi Township, Banaras Colony, Pathan Colony, Petrol Pump, Liaquatabad No.10, Liaquatabad, Post Office, Teen Hatti, Jehangir Road, Empress Market, Cantt Station
1-E ,Manzoor colony to Faqeer colony ,manzoor colony, bismillah pul, mehmoodabad no 6, mehmoodabad no.5, mehmoodabad no.4, mehmoodabad no.3, mehmoodabad no.2, mehmoodabad no.1, corporation, parsi colony, kalapul, jinnah hospital, regent plaza, lucky star, Saddar, numaish, gurumandir, patel para, lasbela, golimar, petrol pump, nazimabad, habib bank, valika motrovil, orangi no 4, orangi no 10, faqeer colony
1-F ,Naval Colony to Orangi Township No.10,Naval Colony, Mauripur, Gulbai Chowk, Tower, Juna Market, Ramswami, Garden Bara Board, Valika, Orangi Township No.10
1-G ,M.W Tower to Data Chowk Orangi Town,M.W Tower, Frere Road, Saddar, Numaish, Guru Mandir, Teen Hatti, Liaquatabad No.10, Petrol Pump, Nazimabad No.2, Gandhi Chowk, Paposh Nagar, Abdullah College, Metro Cinema, Data Chowk Orangi Town
1-H ,Gulshan-e-Bahar to Keamari,Gulshan-e-Bahar, Orangi Sector No.14, Orangi Sector No.13, Orangi Sector No.7, Orangi Sector No.5, Qadafi Chowk, Qasba Mour, Banaras Colony, Valika Hospital, Valika Mill, Habib Bank, S.I.T.E, Post Office, Maroon Mill, Laltain Factory, Ghani Chowk, Shershah, Miran Naka, Chakiwara, Lee Market, Kharadar, Jamat Khana, Tower, Keamari
1-L ,Raees Amrohi Colony to Sharifabad,Raees Amrohi Colony, Islam Chowk, Nishan-e-Hyder Chowk, Orangi No.5, Metro Bamarag, Habib Bank, Bara Road, Bismillah Hotel, Garden, Saddar, Jinnah Hospital, Akhter Colony, Qayyumabad, Korangi Industrial Area, Sharifabad
11-A ,Gulistan-e-Jouhar to M.A Jinnah Road,Gulistan-e-Jouhar, Safari Park, NIPA, Civic Centre, Sabzi Mandi, Jail Road, Hyderabad Colony, Guru Mandir, Numaish, Saddar, Regal, Saeed Manzil, M.A Jinnah Road
11-C ,Azam Basti to Safoora Goth,Azam Basti, Corporation, Kalapul, Jinnah Hospital, Saddar, 7th Day Hospital, Numaish, Guru Mandir, Islamia College, Jail Road, New Town Police Station, Sabzi Mandi, Civic Centre, Urdu College, NIPA Chowrangi, Safari Park, University Road, Safoora Goth
17-H ,Saddar to Dhobi Ghat,Saddar, Jinnah Central Hospital, Kala Pul, Defence Market, Akhter Colony, KPT Flyover Interchange, Korangi Crossing, Korangi No.1, Korangi No.2-1/2, Korangi No.4, Korangi No.5-1/2, Dhobi Ghat
17-I ,Ghous Pak to Pahalwan Goth,Ghous Pak, Coast Guard, Korangi No.2, Nasir Colony, Chamra Chowrangi, Brookse Chowrangi, KPT Flyover Interchange, Akhter Colony, Defence Mour, Kalapul, Jinnah Hospital, Lucky Star, Saddar, Numaish, Guru Mandir, Islamia College, Jail Chowrangi, New Town, Agha Khan Hospital, National Stadium, Drive-in Cinema, Aladin Park, NIPA Chowrangi, Kala Board, Safari Park, Jauhar Chowrangi, Pahalwan Goth
17-J ,Babar Market to Hijaz Dairy Farm,Babar Market, Landhi No.3 1/2, Landhi No.5, Korangi No.6, Korangi No.5, Korangi No.3, Korangi No.1, Korangi Crossing, Qayumabad, Akhtar Colony, Defence Society, Kala Pul, Jinnah Hospital, Luck Star Hotel, Hijaz Dairy Farm
17-K ,Khadda Quaters to Saddar,Khadda Quaters, Hospital Chowrangi, Market No.6, Gul Ahmed Textile Mills, Tasweer Mahal, Quaidabad, Dhobi Ghat, Dawood Chowrangi, Mansehra Colony, Korangi No.6, Qayyumabad, Murtaza Chowrangi, Defence Society, Singer Chowrangi, Jinnah Hospital, Bilal Chowrangi, Raja Ghazanfar Ali Road, Vita Chowrangi, Chamra Chowrangi, Brookse Chowrangi, KPT Flyover Interchange, Akhter Colony, Defence Mour, Kala Pul, Jinnah Hospital, Lucky Star, Saddar
19-D ,Faqir Colony to Gizri,Faqir Colony, Ruby Cinema, Hub River Road, Shershah, Chakiwara, Lee Market, Haji Camp, Jamila Street, Nishter Road, Baba-e-Urdu Road, Shahra-e-Liaquat, Fresco Chowk, Mohammad-Bin-Qasim Road, M.A Jinnah Road, Mansfield Street, Empress Market, Mir Karam Ali Talpur Road, Wellington Street, Cantt Station, Clifton, Delhi Colony, Gizri
2-C ,Rehmania Mour to Tower,Rehmania Mour, Khawaja Ajmeer Nagri, Baradari, Disco Mour, Nusrat Bhutto Colony, Abdullah College, Nazimabad No.7, Petrol Pump, lasbela, Patel Para, Guru Mandir, Numaish, Saddar, Frere Road, Jama Cloth Market, Tower
2-D ,F.B Area to Noorani Masjid ,F.B Area, Noorani Masjid, Peoples Colony, Imam Bara, Humayun Road, K.D.A Office, North Nazimabad, Board Office, Nazimabad No.7, Petrol Pump, Lasbella, Sabil Wali Masjid, Soldier Bazar, Saddar, Frere Road, M.W Tower, Noorani Masjid
2-K ,North Nazimabad Block M to Keamari,North Nazimabad Block M, Shahra-e-Jahangir, Water Pump, Hyderi, Paposh Nagar, Bara Maidan, Nazimabad No.2, Petrol Pump, Guru Mandir, Saddar, Burns Road, Tower, Keamari
20,Shirin Jinnah Colony to Rashidabad,Shirin Jinnah Colony, Clifton, Mehata Palace, Clifton Bridge, Bagh-e-Jinnah, Metropole Hotel, Lucky Star, Saddar, Garden, Old Golimar, Bara Board, Habib Bank, Valika Stop, Police Station, S.I.T.E, Labour Square, Rashidabad
22-A ,Rashidabad to Cantt Station,Rashidabad, Bihar Colony, Ghani Chowrangi, Shershah, Chakiwara, Lee Market, Herchandrai Road, Haji Camp Road, Nishter Road, Baba-e-Urdu, Frere Road, Court Road, Sarwar Shaheed Road, Shahrah-e-Iraq, Masjid-e-Khizra, Burns Road, M.A Jinnah Road, Cantt Station
22-B ,Agra Taj Colony to Qazafi Town,Agra taj Colony, Kalri, Baghdadi, Moosa Lane, Kharadar, Khajeer Bazar, Lea Market, Purani Haji Camp, Ranchore Lines, Shoe Market, Garden, Pakistan Quarters, Khawaja Jamat Khana, Lasbela, Teen Hatti, New Town, Liaquat Hospital, Dhoraji Society, National Stadium, National Cement Factory, Naval Quaters, Labour Quaters, Drigh Road, Natha Khan Goth, Airport, Malir, Landhi, Quaidabad, Qazafi Town
4,New Karachi to Tower,New Karachi, K.D.A Office, Hyderi, State Bank Quarters, Board Office, Nazimabad No.1, Petrol Pump, Lasbela, Ranchor Lane, Juna Market, Napier Road, Tower 
4-B ,New Karachi to Saddar,New Karachi, Industrial Area, Karimabad, Liaquatabad, Teen Hatti, Guru Mandir, M.A Jinnah Road, Bandar Road, Preedy Street, Police Station, Saddar
4-C ,New Karachi Block 5-F to Saddar,New Karachi Block 5-F, Industrial Area, Karimabad, Liaquatabad, Teen Hatti, Goro Mandir, M.A Jinnah Road, Bandar Road, Preedy Street, Police Station, Saddar
4-G ,Nai Abadi to Tower ,Nai Abadi, Karella Mour, Power House, Saleem Centre, U.P Mour, Nagan Chowrangi, Sakhi Hassan , Hyderi, Board Office, Petrol Pump, Liaquatabad No.10, Post Office, Teen Hatti, Guru Mandir, Numaish, Saddar, Empress Market, Frere Road, Burns Road, M.A Jinnah Road, Tower
4-H ,Surjani Town to Sea View,Surjani Town, Yousuf Goth, Lal Market, New Karachi, Water Pump, Karimabad, Liaquatabad No. 10, Teen Hatti, Goro Mandir, 7th Day Hospital, Empress Market, Lucky Star, Jinnah Hospital, Cantt Stations, Clifton Bridge, Gizri, Sea View
4-J ,Nai Abadi to Tower,Nai Abadi, Saleem Centre, Nagan Chowrangi, Sakhi Hassan, Hyderi, Board Office, Petrol Pump, Liaquatabad No.10, Teen Hatti, Guru Mandir, M.A Jinnah Road, Tower
4-K ,Kali Market toTower,Kali Market, New Karachi, K.D.A Office, Al-Hyderi, State Bank Quarters, Nazimabad No.7, Petrol Pump, Lasbella, Guru Mandir, Numaish Chowrangi, Saddar, Empress Market, Regal, Tibet Centre, Bander Road, Tower
4-L ,Maymar Complex to Tower ,Maymar Complex , Al-Asif Plaza, Sohrab Goth, Water Pump, Karimabad, Liaquatabad, Teen Hatti, Numaish, Saddar, Empress Market, Burns Road, M.A Jinnah Road, Tower
4-Q ,Faqeer Colony to Kharkar Chowrangi ,Faqeer Colony, Ruby Cinema, Hub River Road, Shershah, Chakiwara, Lee Market, Haji Camp, Jamila Street, Nishter Road, Baba Urdu Road, Shahrah-e-Liaquat, Fresco Chowk, Mohammad-Bin-Qasim Road, M.A Jinnah Road, Mansfield Street, Empress Market, Mir Karim Ali Talpur Road, Wellington Street, Cantt Station, Clifton, Dehli Colony, Gizri, Zamzama Neelam Colony, Abdullah Shah Ghazi, Khayaban-e-Saadi, Bilawal Chowrangi, Kharkar Chowrangi
4-S ,Surjani Town to Tower ,Surjani Town, Do Minute Chowrangi, Saleem Centre, U.P Mour, Nagan Chowrangi, Shadman Town, Sakhi Hassan, Hyderi, Board Office, Nazimabad No.7, Nazimabad No.6, Nazimabad Chowrangi, Lasbella House, Guru Mandir, Numaish, M.A Jinnah Road, Eidgah, Tower
45-A ,Khokrapar No.4 to Hub River Road,Khokrapar No.4, Saudabad, Liaquat Market, Jinnah Square, Mohabbat Nagar, Malir15, Star Gate, Drigh Road Station, Drive-in-Cinema, NIPA Chowrangi, Hassan Square, Nazimabad, Petrol Pump, Habib Bank, Naurus Chowrangi, Ghani Chowrangi, Shershah, Hub River Road
5,Al-Noor Society to Keamari,Al-Noor Society, Gulberg, Water Pump, Aisha Manzil, Karimabad Chowrangi, Liaquatabad, Teen Hatti, P.I.B Colony, Jamshed Road, Guru Mandir, Numaish Chowrangi, M.A Jinnah Road, Bandar Road, Keamari
5-C ,Gulberg Chowrangi to Tower,Gulberg Chowrangi, Rahimabad, K.D.A Pump House, Wahadat Colony, Saghirabad, Nasirabad, Dastagir Colony, Azizabad, Aisha Manzil, Karimabad, Liaquatabad, Teen Hatti, Guru Mandir, M.A Jinnah Road, Saddar, Empress Market, Burns Road, Tower
5-D ,Musa Colony to Dockyard,Musa Colony, Federal B. Area, Liaquatabad No.10, Teen Hatti, Guru Mandir, Old Exhibition, Empress Market, Frere Road, Burns Road, Bandar Road, Tower, Dockyard
51-C ,Chamra Chowrangi to New Sabzi Mandi,Chamra Chowrangi, Vita Chowrangi, Bilal Chowrangi, Singer Chowrangi, Murtaza Chowrangi, Dawood Chowrangi, Quaidabad, Murghi Khana Malir, Malir 15, Kala Board Malir, Malir Halt, Jinnah Airport Entrance, Star Gate, Drigh Road Station, Millenium Mall, Jauhar Mour, Aladin Park, NIPA, Gulshan-e-Iqbal Chowrangi, Moti Mehal, Fazal Mills, Sohrab Goth, Al-Asif Square, Khuda Ki Basti, New Sabzi Mandi
52-A ,Labour Square to Fisheries,Labour Square, Gul Mohammad Chowrangi, Metropolitan Steel Corporation, Qazafi Town, Quaidabad, Landhi, Malir City, Drigh Road, Jail Road, Nishter Road, Lee Market, Agha Khan Jamat Khana, G.Allana Road, Khaja Jamat Khana, Dockyard, Fisheries
6,Fayyaz Plaza to Tower,Fayyaz Plaza, Dastagir Colony, Azizabad, Karimabad, Liaquatabad, Teen Hatti, Goro Mandir, M.A Jinnah Road, Saddar, Empress Market, Bruns Road, Tower
6-B ,Yasinabad to Tower,Yasinabad, Alliaabad, Hussainabad, Karimabad, Liaquatabad No.10, Petrol Pump, Nazimabad Chowrangi, Golimar, Lasbela, Goro Mandir, M.A Jinnah Road, Saddar, Buns Road, Light House, Tower
60,Sindhi Hotel New Karachi to Lee Market,Sindhi Hotel, New Karachi, Manhgopir Road, Banaras Colony, Valika Mills, Bara Board, Rexer Lines, Dhobi Ghat, Faqir Mohammad Durra Khan Road, Herchandrai Road, Lee Market
61-A ,Pakistan Refinery to Saddar,Pakistan Refinery, Crossing, Qayyumabad, Akhter Colony, Defence Mour, Kala Pul, Jinnah Hospital, Lucky Star, Saddar.
7-C ,Dockyard to Bufferzone,Dockyard, Agha Khan Jamat Khana, Lee Market, Chakiwra, Miran Naka, Shershah, Taj Silk Mill, Habib Bank, Bara Board, Muslim League Quarters, Nazimabad Chowrangi, Liaquatabad Post Office, Liaquatabad No.10, Karimabad, Imam Bara, Dr. Ziauddin Hospital, Peoples Chowrangi, Saifee Technology College, Bufferzone.
7-H ,Keamari to TokyoTerrace Plaza,Keamari, Tower, Bolton Market, Eidgah, Ranchore Line, Garden, Lasbela, Post Office, Sindhi Hotel, New Town, Civic Centre, NIPA, University Road, Safoora Goth, Tokyo Terrace Plaza
7-K ,Safoora Goth to New Truck Stand Grace Village,Safoora Goth , PIA Society, Pahalwan Goth, Jauhar Chowrangi, Aladin Park, NIPA Chowrangi, Gulshan Chowrangi, Sohrab Goth, Power House, Nagan Chowrangi, Sakhi Hassan, Hyderi, KDA Chowrangi, Petrol Pump, Habib Bank, Naurus Chowrangi, Ghani Chowrangi, Shershah, Gulbai, PAF Gate Masroor, New Truck Stand Grace Village
8,P.I.B Colony to Tower,P.I.B Colony, Hyderabad Colony, Guru Mandir, M.A Jinnah Road, Bandar Road, Tower
8-A ,P.I.B Colony to Keamari ,P.I.B Colony, Hyderabad Colony, Guru Mandir, M.A Jinnah Road, Frere Street, Preedy Street, Frere Road, Ingle Road, Mcleod Road, Napier Road, Keamari
Abaseen Coach ,Ittehad Town to Clifton,Ittehad Town, Orangi No.11 1/2, Chisti Nagar, Islam Chowk, Orangi No.10, Orangi No.4, Metroville, SITE, Valika Mill, Habib Bank, Old Golimar, Garden, Plaza, Jama Cloth, Tower, Keamari, Maison Road, Shirin Jinnah Colony, Clifton.
Adam Coach ,Ittehad Town to Gulshan-e-Hadeed,Ittehad Town, Muhammadi Chowk, Orangi No.10, Orangi No.5, Banaras Chowk, Habib Bank Chowrangi, Nazimabad, Liaquatabad No.10, Hassan Square, Karsaz, Shahrah-e-Faisal, Malir Halt, Mair 15, Quaidabad, Razaqabad, Gulshan-e-Hadeed.
Agroor Coach ,Maymar Town to Hawksbay,Maymar Town, Sohrab Goth, Rashid Minhas Road, NIPA Chowrangi, Civic Centre, Purani Sabzi Mandi, Jail Chowrangi, Teen Hatti, Lasbela, Nishter Road, Garden, Ramsawami, KMC Workshop, Haji Camp, Lee Market, Kharadar, Jamat Khana, Mauripur, Gulbai, Hawksbay.
Ailia Coach ,Surjani Sector 5-D to Kinara Hotel,Surjani Sector 5-D, U.P Mour, Disco Mour, Qabristan, Qalandari Chowk, Shipowner College, Paposh Nagar, Bara Maidan, Nazimabad, Petrol Pump, Liaquatabad, Sabzi Mandi, Bahadurabad, Tariq Road, Sindhi Muslim Society, Gora Qabristan, Kala Pul, Defence, Super Market, Punjab Colony, Boat Basin, Clifton, Abdullah Shah Ghazi Mazar, Mubarak Masjid, Kinara Hotel.
Al Hadeed Coach ,Bhense Colony to Behar Colony,Bhense Colony, Labour Square, Hospital Chowrangi, Gul Ahmed Mills, Dawood Chowrangi, Quaidabad, Malir, Drigh Road, Karsaz, Agha Khan Hospital, New Town, Jail Road, Teen Hatti, Garden, Nishter Road, Spencer Hospital, Lee Market, Lyari Hospital, Behar Colony.
Al Hamd Coach ,Surjani Town to Tariq Road,Surjani Town, Surjani Sector 4, Surjani Sector 7, K.D.A Site Office, Surjani Roundabout, North Karachi Sector 5-A, Bara Dari, Disco Mour, U.P Mour, Nagan Chowrangi, Sohrab Goth, Rashid Minhas, N.I.P.A, Civic Centre, Sabzi Mandi, Shaheed-e-Millat Road, Tariq Road.
Al Missri Coach ,Muzaffarabad Colony to Naval Colony,Muzaffarabad Colony, Hospital Chowrangi, Gul Ahmed Mills, Malir 15, Shahrah-e-Faisal, Karsaz, Stadium, Hassan Square, Liaquatabad No.10, Nazimabad, Habib Bank, Ghani Chowrangi, Shershah, Mahajir Camp, Mouch Goth, Naval Colony.
Al Noor Coach ,Sohrab goth to Sandspit,Sohrab Goth, Gulshan Chowrangi, NIPA Chowrangi, Hassan Square, New Town, Mazar-e-Quaid, M.A Jinnah Road, Tower, Crown Cinema, Gulbai, New Truck Stand, Mauripur, Younusabad, Sandspit
Al Qadri Coach ,Khokhrapar to Hawksbay,Khokhrapar, Drigh Road, National Cement, National Stadium, Liaquat Medical Hospital, Jail Road, Teen Hatti, Lasbella, Lawrance Road, Ranchore Lane, Lee Market, Kharadar, Jamat Khana, Gulbai, Mauripur, Naval Colony, Hawksbay.
Al Rehman Coach ,Baldia Town to Mansehra,Baldia Town, Shershah, Panka Hotel, Miran Naka, Chakiwara, Eye Hospital, Napier Police Station, Ghas Mandi, Ranchore Lane, Garden, Lasbella, Jail Road, Agha Khan Hospital, Shahrah-e-Faisal, Airport, Malir 15, Quaidabad, Dawood Chowrangi, Mansehra.
Arain Coach ,Safari Park to Kannup Colony,Safari Park, Sohrab Goth, Water Pump, Gulberg Chowrangi, Sakhi Hassan, Hyderi, Nazimabad, Petrol Pump, Habib Bank, Shershah, Gulbai, Grace Colony, Kannup Colony
Askari Coach ,Haji Zakria Goth to Cantt Railway Station,Haji Zakria Goth, Asif Market, Malir Cantt, Cantt Bazar, Malir Chowk, Model Colony, Jinnah Avenue, Malir Halt, Shahrah-e-Faisal, Drigh Road, Station, Nursery, Gora Qabristan, Holiday Inn Hotel, Jinnah Hospital, Askari Appartment, Cantt Railway Station
Awan Luxury Coach ,Ittehad Town to Clifton,Ittehad Town, Raees Amrohi Colony, Chisti Nagar, Orangi No.5, Banaras Chowk, Habib Bank, Bara Board, Garden, Jama Cloth Market, Mazar Abdullah Shah Ghazi, Clifton
Ayaz Coach ,Surjani Town Sector 7 to Korangi No.5,Surjani Town Sector 7, U.P Mour, Sohrab Goth, NIPA, Natha Khan Goth, Malir Halt, Malir City, Quaidabad, Dawood Chowrangi, Landhi No.1, Landhi No.2, Landhi No.3, Landhi No.4, Landhi No.5, Landhi No.6, Korangi No.6, Korangi No.5
Azmat Coach ,Ittehad Town to Bhense Colony,Ittehad Town, Orangi No.11-1/2, Islam Chowk, Orangi No.5, Banaras Chowk, Abbasi Shaheed Hospital, Nazimabad Petrol Pump, Liaquatabad No.10, Hasan Square, Karsaz, Drigh Road, Malir City, Quaidabad, Town Chowrangi, Hospital Chowrangi, Labour Square, Bhense Colony
Baraq Coach ,Allied Bank New Karachi Branch No 5 to Korangi Industrial Area,Allied Bank New Karachi Branch No.5, New Karachi Sector 11-J, Nala, Godhra Camp, Power House, Sohrab Goth, NIPA, Drigh Road, Station, Shahrah-e-Faisal, Malir, Quaidabad, Dawood Chowrangi, Landhi No.6, Landhi No.5, Landhi No.4, Landhi No.3, Landhi No.1, Korangi No.6, Korangi No.1, Nasir Colony, Chamra Chowrangi, Korangi Industrial Area
Batool Coach ,New Karachi to Fisheries,New Karachi, Saba Cinema, Gabol Town, Godhra Camp, Sohrab Goth, Karimabad, Liaquatabad No.10, Petrol Pump, Nazimabad, Habib Bank, Shershah, Gulbai, Mauripur, Wazir Mansion, ICI Factory, Fisheries
Be Misal Coach ,North Karachi Sector 2 to West Wharf,North Karachi Sector 2, North Karachi Sector 3, North Karachi Sector 5-A, North Karachi Sector 5-B, Bara Dari, Disco Mour, Nusrat Bhutto Colony, Abdullah College, Paposh Nagar, Abbasi Shaheed Hospital, Nazimabad No.7, Petrol Pump, Lasbella, Numaish, M.A Jinnah Road, Custom Road, West Wharf Road.
Bilal Coach ,Ittehad Town to PMTF Colony,Ittehad Town, Fareed Colony, Mominabad, Badar Hotel, Orangi No.5, Metro, Banaras Chowk, Habib Bank, Nazimabad, Petrol Pump, Liaquatabad No.10, Hassan Square, New Town, Jail Road, Shaheed-e-Millat Road, Baloch Colony, Jam Sadiq Ali Bridge, Korangi Industrial Area, Chamra Chowrangi, Singer Chowrangi, Sharafi Goth, Dawood Chowrangi, Gulberg Textile Mill, Sessi hospital, Labour Sqaure, PMTF Colony
Bismillah Coach ,Surjani Town Sector 9 to Nai Abadi,Surjani Town Sector 9, Do Minute Chowrangi, Nagan Chowrangi, Power House, Sohrab Goth, Aisha Manzil, Liaquatabad, Goro Mandir, Numaish, Tower, Mauripur, Gulbai, Shershah, Ghani Chowrangi, College Chowrangi, S.I.T.E Police Station, Metroville, Frontier Mour, Mominabad, Saeedabad, Nai Abadi
Burki Coach ,Maymar Complex to Keamari,Maymar Complex, Al-Asif Square, Sohrab Goth, Water Pump, Karimabad, Liaquatabad No.10, Teen Hatti, Guru Mandir, Numaish, M.A Jinnah Road, Jama Cloth Market, Tower, Keamari.
C ,Saddar to Dhobi Ghat,Saddar, Lucky Star, Jinnah Hospital, Kala Pul, Korangi Road, Akhter Colony, Qayyumabad, Korangi Crossing, Korangi No.1, Korangi No.2, Korangi No.3, Korangi No.4, Korangi No.5, Korangi No.5-1/2, Korangi Market No.6, Dhobi Ghat 
C-2 ,Raja Ghazanfar Ali Road to Gul Ahmed Textile Mills,Raja Ghazanfar Ali Road, Inverarity Road, Lucky Star, Jinnah Hospital, Kala Pul, Defence Society, Akhter Colony, Qayyumabad, Bhittai Colony, Korangi Bus Depot, Korangi No.1, Korangi No.5, 36-C Area, K-Area, Landhi No.5, Gul Ahmed Textile Mills
C-3 ,Moosa Colony to Ground Landhi,Moosa Colony, Azam Square, Liaquatabad No.10, Hassan Square, Gulshan-e-Iqbal, Purani Sabzi Mandi, New Town Police Station, National Stadium, Dalmia Cement Factory, Drigh Road, Malir, Quaidabad, Landhi No.6, Korangi No.5, K-Area, 36-B Area, Ground Landhi
City Coach ,Khuwaja Ajmer Nagri to Shahrah-e-Galib,Khuwaja Ajmer Nagri, U.P Mour, Nagan Chowrangi, Erum Shopping Centre, Buffer Zone Sector 16-A, Peoples Chowrangi, Rasheed Turabi Road, Dr. Ziauddin Hospital, Karimabad, Liaquatabad, Teen Hatti, Jail Road, Shaheed-e-Millat Road, Khalid Bin Waleed Road, Nursery, Shahrah-e-Faisal, Kalapul, Sunset Blvd, Gizri, Khayaban-e-Shamsheer, Abdullah Shah Ghazi Mazar, Shahrah-e-Galib 
CNG Green Buses First Route,Surjani to Tower,Surjani Town, Baradari, Nagan Chowrangi, Hyderi, Nazimabad, Lasbela, Guru Mandir, M.A Jinnah Road, Numaish, Urdu Bazaar, Jama Cloth, Boltan Market ,Tower
CNG Green Buses Second Route,Surjani to Korangi,Surjani Town, Baradari, Nagan chowrangi, Bufferzone, Sohrab Goth, Rashid Minhas Road, Gulshan Chowrangi, NIPA, Millenium Mall, Drigh Road, Shahrah-e-Faisal, Nathakhan, Shah Faisal Express Way, Korangi Industrial Area, till Korangi Crossing
CNG Green Buses Third Route,Surjani to Gulshan-e-Maymar,Surjani to Gulshan-e-Maymar
CNG Green Buses Fourth Route,Gulshan-e-Maymar to Liaquatabad,Gulshan-e-Maymar to Liaquatabad
D-10 ,Korangi 100 Quarter to Taiser Town,Korangi 100 Quarter, Korangi No.5, Landhi No.6, Landhi No.5, Landhi No.4, Landhi No.3, Landhi No.2, Landhi No.1, Dawood Chowrangi, Quaidabad, Malir City, Malir Halt, Star Gate, Natha Khan Goth, Drigh Road, Rashid Minhas Road, Drive-in-Cinema, Jauhar Mour, NIPA Chowrangi, Gulshan Chowrangi, Sohrab Goth, Power House, Godhra, New Karachi Industrial Area, Saba Cinema, New Karachi No.5, Allahwali Masjid, 4-K Chowrangi, KDA Stop, Maraqba Hall, Khuda Ki Basti, Lerp Colony, Taiser Town
D-12 ,Qaddafi Town to Qabrastan ,Qaddafi Town, Quaidabad, Malir Halt, Star Gate, Drigh Road, Labour Campuse, Rashid Minhas Road, NIPA Chowrangi, Gulshan Moti Mehal, Sohrab Goth, Water Pump, Qalandari Chowk, Gulshan-e-Farooq, Qabrastan
D-19 ,Filter Plant to Tower,Filter Plant, Saadi Town, Safoora Goth, Mosmayat, University Road, Safari Park, NIPA Chowrangi, Kashmir Chowrangi, Islamia College, Guru Mandir, Sabil Wali Masjid, Numaish, Tibbat Centre, Saeed Manzil, Jama Cloth Market, Light House, Denso Hall, Tower
D-4 ,Taiser Town to Yousuf Goth,Taiser Town, Khuda Ki Basti, Surjani Sector-4, KDA SITE Office, Do Minute Chowrangi, 4-J Bus Stop, Khawaja Ajmeri Nagri, Sector No.7-D, Anda Mour, Qalandari Chowk, Hussain D.Silva, Paposh Nagar, Bara Maidan, Nazimabad Petrol Pump, Gulbahar, Lasbela, Garden, Ranchore Line, Juna Market, Lee Market, Gulbai, Shershah, Hub River Road, Moach Mour No.9, Baldia Yousuf Goth
Data Coach ,KDA SITE Office to Abdullah Shah Ghazi,Surjani Town Sector 10-V, KDA SITE Office, Surjani Round About, Disco Mour, Sindhi Hotel, Power House, Sohrab Goth, NIPA, Sabzi Mandi, Bahadurabad, Tariq Road, Society Qabristan, Shahrah-e-Quaideen, Nursery, FTC, Jinnah Hospital, Askari Appartment, Cantt, Khaliq-uz-Zaman Road, Abdullah Shah Ghazi Mazar
F-1 ,Saudabad to Nasir Colony,Saudabad, Malir Jinnah Square, Malir City, Quaidabad, Dawood Chowrangi, 17 Bus Stop, Babar Market, Landhi No.5, Korangi No.5, Korangi No.1, Nasir Colony
F-11 ,Gul Ahmed Textile Mills to Mustafabad Colony,Gul Ahmed Textile Mills, Dawood Chowrangi, Landhi No.1, Korangi No.6, Korangi No.1, Defence Society, Gora Qabrastan, Shahrah-e-Quaideen, Khalid-bin-waleed Road, Shaheed-e-Millat Road, Jail Chowrangi, Purani Sabzi Mandi, University Road, Hassan Square, NIPA Chowrangi, KMC Hospital, Water Pump, Peoples Chowrangi, D.C Office, Sakhi Hassan, Qalandari Chowk, Mustafabad Colony
F-13 ,Pahalwan Goth to Gizri,Pahalwan Goth , Al-Shifa Terminal No.4, Malir Halt, Quaidabad, Dawood Chowrangi, Landhi No.4, 36-B Area, Mills Area, Bilal Colony, Kala Pul, Jinnah Hospital, Cantt Station, Gizri
F-16 ,Mianwali Colony to Machine Tool Factory,Mianwali Colony, Qasba Colony, Banaras Chowk, Abdullah College, Paposh Nagar, Abbasi Shaheed Hospital, Nazimabad No.7, Mujahid Colony, Dr. Ziauddin Hospital, Karimabad, Liaquatabad No.10, Teen Hatti, Mazar-e-Quaid, Khudadad Colony, Nursery, FTC Building, Defence, Akhter Colony, Qayyumabad, Korangi No.1, Korangi No.2, Korangi No.3, Korangi No.4, Korangi Market No.6, Degree College, 100 Quarter, Korangi No.5, Landhi No.6, Landhi No.1, Dawood Chowrangi, Gul Ahmed Textile Mills, Labour Square, Machine Tool Factory
F-17 ,Ziaul Haq Colony to Dhobi ghat,ziaul haq colony,mominabad,bijli nagar,orangi no 4,orangi no 5,metro cinema,banaras chowk,abdullah college,paposh nagar,petrol pump,liaquatabad no 10,teen hatti,gurumandir,numaish,shahrah-e-quaideen,nursery,gora qabrastan,kalapul,defence society,akhter colony,qayyumabad,chamra chowrangi,korangi industrial area,bilal colony,bismillah stop,korangi no 4,korangi no 5, dhobi ghat
F-18 ,Biscuit Factory to Do Minute Chowrangi,Biscuit Factory, Chamra Chowrangi, Bilal Chowrangi, Bilal Colony, Korangi Telephone Exchange, Korangi No.2, Double Road, Korangi No.3, Korangi No.6, Landhi No.6, Dawood Chowrangi, Quaidabad, Malir 15, Star Gate, Natha Khan Goth, Rashid Minhas Road, NIPA Chowrangi, Gulshan Chowrangi, Sohrab Goth, Power House, Nagan Chowrangi, U.P Mour, Salim Square, Do Minute Chowrangi
F-9 ,Gul Ahmed Textile Mills to Abdul Hameed Badayuni College ,Gul Ahmed Textile Mills, Dawood Chowrangi, 89 Bus Stop, Babar Market, Chiragh Hotel, Landhi No.6, 36-B Auliya Masjid Burmi Colony, Landhi K-Area, Korangi I-Area, Korangi No.5, Khudadad Colony, M.A Jinnah Road, Gurumandir, Jahangir Road, Teen Hatti, Liaquatabad No.10, K.V Society Hospital, SITE Pathan Colony, Abdul Hameed Badayuni College.
G-10 ,Orangi Town to Pahalwan Goth ,Orangi Town, Zia Chowk, Iqbal Market, Orangi Islam chowk, Orangi No.5, Banaras Chowk, Habib Bank, Petrol Pump, Nazimabad, Liaquatabad No.10, Karimabad, Water Pump, Sohrab Goth, NIPA Chowrangi, Gulshan-e-Iqbal, Safari Park, Rabia City, Pahalwan Goth
G-12 ,Yaqoobabad Orangi Town to Pahalwan Goth,Yaqoobabad Orangi Town, Mansoor Nagar, Rehmat Chowk, Iqbal Market, Islam Chowk, Nishan-e-Haider Road, Bacha Khan Chowk, Paposh Nagar, Nazimabad No.1, Nazimabad No.2, Petrol Pump, Liaquatabad No.10, Hassan Square, Urdu Science College, NIPA Chowrangi, Safari Park, Jauhar Square, Pahalwan Goth
G-13 ,Fareed Colony to University Of Karachi,Fareed Colony, 19-D, Nai Abadi, Rasheedabad, Rasheed Textile Mills, V.F Road, Banaras Chowk, Abdullah College, Board Office, Hyderi, Chowrangi, Ziauddin Hospital, Moosa Colony, Liaquatabad No.10, Gharibabad, Hassan Square, University Of Karachi.
G-21 ,Pahalwan Goth to Bhains Colony ,Pahalwan Goth, Safari Park, University Road, NIPA Chowrangi, Hassan Square, Jail Road, Shaheed-e-Millat Road, Baloch Colony, New Bund Chowrangi, Bilal Chowrangi, Hassan Chowrangi, Landhi No.4, Babar Market, Hospital Chowrangi, Bhains Colony
G-25 ,Ittehad Town to Rasheedabad,Ittehad Town, Gulistan-e-Jouhar, Jauhar Square, Drive-in-Cinema, NIPA Chowrangi, Samdani Hospital, Yasinabad, Aisha Manzil, Landi Kotal, Five Star, North Nazimabad, Hyderi, Board Office, Abdullah College, Banaras Chowk, Orangi No.4, Badar Hotel, Bejili Nager, Mominabad, Rasheedabad
G-27 ,Orangi Town to Safoora Goth ,Orangi Town, Yousuf Goth, Hub River Road, Bakramandi, Afridi Chowk, Eidgah Mor, Jamia Mehmodia, Orangi Town, Sadiq Akber Colony, Sabri Chowk, Urdu Chowk, Orangi No.10, Orangi No.4, Orangi No.5, Metro Cinema, Banaras Chowk, Abdullah College, Board Office, KDA Chowrangi, Ziauddin Hospital, Landi Kotal, Peoples Chowrangi, Buffer Zone, Power House, Sohrab Goth, Fazal Mills, NIPA Chowrangi, Safari Park, Jauhar Square, Pahalwan Goth, PIA Society, Bakhtawar Goth, Gul City, Safoora Goth
G-55 ,Ittehad Town to Mohammad Khan Goth,Ittehad Town, Dawood Goth, Naval Colony, Moach Goth, Mahajir Camp, Hub River Road, Rasheedabad, Labour Square, Ghani Chowrangi, Bara Board, Old Golimar, Garden, Soldier Bazar, Gurumandir, Islamia College, Sharifabad T.V Station, Agha Khan Hospital, National Stadium, Dalmia Road, Rashid Minhas Road, NIPA Chowrangi, Safari Park, University Road, Suparco Chowk, Sachal Goth, Mohammad Khan Goth.
G-8 ,Dhabi Bux Goth to Shirin Jinnah Colony ,Dhabi Bux Goth, Rustam Goth, Royal Stop, Jauhar Square, Safari Park, NIPA Chowrangi, Aziz Bhatti Park, KDA Civic Centre, Purani Sabzi Mandi, Jamshed Road, Gurumandir, 7th Day Hospital, M.A Jinnah Road, City Court, Juna Market, Lee Market, Kharadar, Jamat Khana, Keamari, Dak Khana Masan Road, Shirin Jinnah Colony
G-9 ,Nai Abadi to Gulshan-e-Jauhar Goth,Nai Abadi, Qabrastan, Mahajir Camp, Shershah, Mira Naka, Chakiwara, Lee Market, Siddiq Wahab Road, Old Haji Camp, Lawrence Road, Garden, Lasbela, Teen Hatti, Karachi Central Jail, Purani Sabzi Mandi, Hassan Square, NIPA Chowrangi, Safari Park, Gulshan-e-Jauhar Goth.
Ghazi Coach ,Surjani Town Sector 7 to Clifton,Surjani Town Sector 7, Surjani Town Sector 8, Do Minute Chowrangi, Kala School, Disco Mour, Sindhi Hotel, Godhra, Power House, Sohrab Goth, Water Pump, Karimabad, Liaquatabad No.10, Hassan Square, New Town, Bahadurabad, Tariq Road, Society Qabristan, Shahrah-e-Quaideen, Nursery, FTC, Jinnah Hospital, Cantt Station, Khaliq-uz-Zaman Road, Saudi Embassy, Clifton
Ghulam Coach ,Bhense Colony to Gulbai,Bhense Colony, Labour Square, SASSI Hospital, Gulberg Textile Chowrangi, Dawood Chowrangi, Quaidabad, Malir, Shahrah-e-Faisal, Karsaz, H.I Rehmatullah Road, Stadium, Civic Centre, Liaquatabad No.10, Nazimabad, Petrol Pump, Habib Bank, Shershah, Gulbai
Gul Coach ,Sohrab Goth to Machi Goth,Sohrab Goth, Ispahani Road, Disco Bakery, Gulshan Chowrangi, NIPA Chowrangi, Civic Centre, Purani Sabzi Mandi, Islamia College, Numaish, Saeed Manzil, Jama Cloth Market, Tower, Gulbai, Shershah, Baldia Town, Saeedabad, Machi Goth
Gulistan Coach ,Pahalwan Goth to Qayyumabad,Pahalwan Goth, Gulistan-e-Jouhar, Jauhar Square, Rashid Minhas Road, NIPA Chowrangi, Hassan Square, Purani Sabzi Mandi, New Town, Jail Chowrangi, Islamia College, Mazar-e-Quaid, Numaish, M.A Jinnah Road, Plaza, Jama Cloth Market, Tower, Mai Kolachi Road, Boat Basin, Kharkar Chowrangi, Bilawal House, Samandar Kinara, Abdullah Shah Ghazi Road, 26 Street, Saudi Embassy, Khayaban-e-Hafiz, Sultan Masjid, Khayaban-e-Baharia, Khayaban-e-Ittehad, Korangi Road, Qayyumabad
Hazara Coach ,Ruby Cinema to Muzafarabad,Ruby Cinema, Ittehad Town, Islam Chowk, Frontier Colony, Metro, Habib Chowrangi, Habib Bank, Petrol Pump, Liaquatabad No.10, Teen Hatti, Guru Mandir, Numaish, Nursery, Gora Qabristan, Akther Colony, Korangi No.1, Korangi No.2, Korangi No.3, Korangi No.5, Dawood Chowrangi, Muzafarabad.
ILyas Coach ,Ittehad Town to Landhi No.1,Ittehad Town, Saeedabad Sector 4, Dabba Mour, Hub River Road, Shershah, Gulbai, Khaja Jamat Khana, Qamar House, Shaheen Complex, PIDC House, Cantt, Post Office, Khaliq-us-Zaman Road, Punjab Colony, Sunset Boulevard, Akhter Colony, Qayyumabad, Korangi Crossing, Bhittai Colony, Korangi No.1, Korangi No.6, Landhi No.6, Landhi No.5, Landhi No.4, Landhi No.3, Landhi No.2, Landhi No.1.
Imran Coach ,Model Colony to Maripur,Model Colony, Malir Halt, Shahrah-e-Faisal, Shahrah-e-Quaideen, Mazar-e-Quaid, M.A Jinnah Road, Tower, Crown Cinema, Gulbai, Naval Colony, Madni Goth, Mauripur
International Friends Coach ,New Abadi to Gulshan-e-Hadeed Phase 2,New Abadi, Rasheedabad, Labour Square, Site Police Station, Valika Mills, Habib Bank, Nazimabad, Petrol Pump, Liaquatabad No.10, Gharibabad, Hassan Square, Stadium, Karsaz, P.A.F Airport, Quaidabad, Bhense Colony, Raziqabad, Pipri, Gulshan-e-Hadeed Phase 1, Gulshan-e-Hadeed Phase 2.
Ittehad Coach ,Surjani Town to Dockyard,Surjani Town, KDA Office, Salim Centre, Nagan Chowrangi, Hyderi, Lasbella, M.A Jinnah Road, Tower, Dockyard
Jawaid Coach ,Surjani Town Sector 11 to Qazafi Town,Surjani Town Sector 11, Surjani Town Sector 5-A/2, Surjani Town Sector 5-A/3, Surjani Town Sector 5-A/4, Bara Dari, Disco Mour, Nagan Chowrangi, Board Office, Petrol Pump, Liaquatabad No.10, Post Office, Liaquatabad, Teen Hatti, Guru Mandir, M.A Jinnah Road, Tower, PNSC Building, Mai Kolachi Road, Boat Basin, Super Market, Abdullah Shah Ghazi Mazar, Saudi Embassy, Gizri, Punjab Colony, Defence Mor, Qayyumabad, Korangi No.1, Korangi No.5, Landhi Chiragh Hotel, Baber Market, Quaidabad, Qazafi Town.
Jawaid Coach ,Surjani Town Sector 11 to Qazafi Town,Surjani Town Sector 11, Surjani Town Sector 5-A/2, Surjani Town Sector 5-A/3, Surjani Town Sector 5-A/4, Bara Dari, Disco Mour, Nagan Chowrangi, Board Office, Petrol Pump, Liaquatabad No.10, Post Office, Liaquatabad, Teen Hatti, Guru Mandir, M.A Jinnah Road, Tower, PNSC Building, Mai Kolachi Road, Boat Basin, Super Market, Abdullah Shah Ghazi Mazar, Saudi Embassy, Gizri, Punjab Colony, Defence Mor, Qayyumabad, Korangi No.1, Korangi No.5, Landhi Chiragh Hotel, Baber Market, Quaidabad, Qazafi Town.
Junaid Coach ,Landhi to Qattar Hospital,Landhi, Korangi Area, Dar-ul-Uloom, Nasir Colony, Qayyumabad, Shahrah-e-Jam Sadiq Ali, Baloch Colony, Shaheed-e-Millat Road, Jail Road, Teen Hatti, Post Office, Liaquatabad No.10, Petrol Pump, Board Office, Abdullah College, Banaras Road, Orangi No.1, Qattar Hospital.
Kashif Coach ,Murad Memon Goth to Agra Taj Colony,Murad Memon Goth, Jam Goth, Malir 15, Airport, Karsaz, Stadium, Jail Road, Teen Hatti, Garden, Ranchore Line, Lee Market, Kharadar, Moosa Lane, Baghdadi, Haneef Manzil, Agra Taj Colony
Khan Coach ,Maymarabad to Tower,Maymarabad, P.S Khuwaja Ajmer Nagri, Disco Mour, U.P Mour, Nagan Chowrangi, Sakhi Hassan, Water Pump, Hyderi, Board Office, Nazimabad PetrolPump, Liaquatabad No. 10, Hassan Square, Sabzi Mandi, Jail Road, Jamshed Road, Mazar-e-Quaid, M.A Jinnah Road, Tower.
Khush Hal Coach ,Gulshan-e-Behar to P.N.S.C Building,Gulshan-e-Behar, Orangi No.14, Orangi No.5, Metro Cinema, Banaras, Valika Mills, Habib Bank Chowrangi, Bara Board, Old Goli Maar, Garden, Plaza Cinema, Jama Cloth, Bolton Market, Tower, P.N.S.C Building
Madina Coach ,Gulshan-e-Behar to Muzafarabad Chowrangi,Gulshan-e-Behar, Orangi Town No.6, Orangi Town No.14, Orangi Town No.13, Orangi Town No.12, Orangi Town No.5, Metro Cinema, Abdullah College, Paposh Nagar, Nazimabad Petrol Pump, Liaquatabad No.10, Numaish, Nursery, F.T.C, Kala Pul, Defence, Akhter Colony, Qayyumabad, Korangi No.1, Korangi No.6, Landhi No.1, Landhi No.6, Dawood Chowrangi, Muzafarabad Chowrangi
Mahfooz Coach ,Surjani Town to Sea View,Surjani Town, Nai Abadi, Salim Centre, Nagan Chowrangi, Sakhi Hassan, Hyderi, Board Office, Nazimabad, Golimar, Ranchore Line, KMC Workshop, Baba Urdu Road, Dr. Ziauddin Road, Hoashing Road, Khaliq-uz-Zaman Road, Khayaban-e-Jami, Khayaban-e-Iqbal, Hatim Alvi Road, 26th Street, Abdullah Shah Ghazi, Khayaban-e-Shamshir, Sea View
Marwat Coach ,Bhense Colony to Naval Colony,Bhense Colony, Labour Square, P.M.T.F Colony, SESSI Hospital, Landhi Industrial Area, Dawood Chowrangi, Quaidabad, Malir 15, Star Gate, Shahrah-e-Faisal, Nursery, Shahrah-e-Quaideen, Mazar-e-Quaid, M.A Jinnah Road, Tower, Gulbai, Shershah, Moach Goth, Naval Colony
Mashriq Coach ,Muzaffarabad Colony to 7th Day Hospital,Muzaffarabad Colony, Gul Ahmed Mills, Dawood Chowrangi, Mansehra Colony, Murtaza Chowrangi, Singer Chowrangi, Chamra Chowrangi, Qayyumabad, Akhter Colony, Kala Pul, Gora Qabristan, Nursery, Shahrah-e-Quaideen, Old Numaish, M.A Jinnah Road, 7th Day Hospital
Mehran Coach ,Gulshan-e-Hadeed to West Wharf,Gulshan-e-Hadeed, Quaidabad, Malir, Nursery, Shahrah-e-Quaideen, 7th Day Hospital, City Court, Tower, West Wharf
Muslim Coach ,Gulshan-e-Hadeed to Clifton Casino,Gulshan-e-Hadeed, Pipri, Quaidabad, Malir Halt, Shahrah-e-Faisal, Karsaz, Nursery, Gora Qabristan, Jinnah Hospital, Askari Appartment, Cantt Station, Frere Hall, Fuwara Chowk, I.I Chundrigar Road, Tower, Keamari, Shirin Jinnah Colony, Clifton Casino
Nasir Coach ,Surjani Town Sector 10 to Gizri,Surjani Town Sector 10, Kala School, U.P Society, Nagan Chowrangi, Sohrab Goth, Karimabad, Liaquatabad, Numaish, Shahrah-e-Quaideen, F.T.C, Gora Qabristan, Kala Pul, Jinnah Hospital, Askari Appartment, Cantt Station, Choudhry Khaliq-uz-Zaman Road, Gizri
National Coach ,Gulshan-e-Behar to Chaman Colony,Gulshan-e-Behar, Orangi Town, Qasba Colony, Banaras Chowk, Paposh Nagar, Nazimabad No.7, Petrol Pump, Liaquatabad No.10, Hassan Square, University Road, NIPA Chowrangi, Rashid Minhas Road, Drigh Road, Shahrah-e-Faisal, Jinnah Avenue, Model Colony, Saudabad, Khokhrapar, Chaman Colony.
National Pakhtoon Coach ,Gulshan-e-Behar to Chaman Colony,Gulshan-e-Behar, Orangi Town No.14, Orangi Town No.13, Orangi Town No.8, Orangi Town No.7, Orangi Town No.1, Kasba Mour, Banaras Chowk, Paposh Nagar, Nazimabad No.7, Petrol Pump, Liaquatabad No.10, Hassan Square, University Road, NIPA, Rashid Minhas, Drigh Road, Shahrah-e-Faisal, Model Colony, Saudabad, Khokrapar No.1, Khokrapar No.4, Chaman Colony
New Afridi Coach ,Bhense Colony to Gulshan-e-Ghazi,Bhense Colony, PMTF Quaidabad, Mansehra Colony, Murtaza Chowrangi, Godown Chowrangi, Qayyumabad, Defence Mour, Punjab Chowrangi, Saudi Embassy, Mazar Abdullah Shah Ghazi, Shirin Jinnah Colony, Mason Road, Keamari, Post Office, Tower, Agra Taj Colony, Gulbai, Shershah, Site Police Station, Habib Chowrangi, Metroville, Mominabad, Faqir Colony, Gulshan-e-Ghazi
New Five Star Coach ,Mahajir Camp to Ibrahim Haidry,Mahajir Camp, Faqir Colony, Metroville, Habib Bank, Nazimabad, Liaquatabad No. 10, Hassan Square, Sabzi Mandi, Alamgir Road, Bahadurabad, Tariq Road, Gora Qabristan, Kala Pul, Qayyumabad, Akhter Colony, Bhittai Colony, Ibrahim Haidry.
Omar Coach ,Mohajir Camp No.7 to Surjani Town,Mohajir Camp No.7, Mohajir Camp No.5, Mohajir Camp No.4, Shershah, Gulbai, Tower, M.A Jinnah Road, Numaish, Islamia College, Purani Sabzi Mandi, NIPA Chowrangi, Fazal Mills, Power House, Nagan Chowrangi, Khawaja Ajmeer Nagri, Surjani Town
P-4 ,Hub River Road to Shirin Jinnah Colony,Hub River Road, Shershah, Gulbai, Wazir Mansion, West Wharf Road, Dockyard, Khoja Jamat Khana, Tower, City Post Office, Jama Cloth Market, M.A Jinnah Road, Saeed Manzil, Mazar-e-Quaid, Shahrah-e-Quaideen, Khalid Bin Waleed Road, Shaheed-e-Millat Road, Punjab Colony, Schon Circle, Boat Basin, Bilal Chowrangi, Shirin Jinnah Colony
P-9 ,Memon Goth to Hub River Road ,Memon Goth, Jama Goth, Mulla Issa Old Thena Bux Vill, Asso Goth, Dond Goth, Shahrah-e-Faisal, Drigh Road, Dalimia Cement Factory, National Stadium, Jail Chowrangi, P.I.B Colony, Teen Hatti, Lasbela Chowk, Garden, Shoe Market, Ranchore Line, Haji Camp, Lee Market, Chakiwara, Shershah,RCD High Way, Hub River Road
Prime Coach ,Gulshan-e-Hadeed Phase II to Kinara Hotel,Gulshan-e-Hadeed Phase II, Gulshan-e-Hadeed Phase I, Steel Town, Pipri, Bhense Colony, Quaidabad, Malir Halt, Star Gate, Karsaz, Nursery, F.T.C, Fleet Club, Station, Main Clifton Road, Mazar Abdullah Shah Ghazi, Kinara Hotel
Qalandari Coach ,Surjani Town to Fishries,Surjani Town, Do Minute Chowrangi, Kala School, U.P Society. U.P Mour, Nagan Chowrangi, Hyderi, Board Office, Lasbella, Guru Mandir, M.A Jinnah Road, Tower, Fishries
Qaumi Coach ,Bhense Colony to Faqir Colony,Bhense Colony, Labour Square, Hospital Chowrangi, Gul Ahmed Textile Mills, Dawood Chowrangi, Quaidabad, Malir 15, Star Gate, Natha Khan Goth, Shahrah-e-Faisal, Nursery, Gora Qabristan, Lucky Star, M.A Jinnah Road, Tower, Maripur, Shershah, Metroville, Faqir Colony.
Qayyum Coach ,Sherpao Colony to Surjani Town,Sherpao Colony, Dawood Chowrangi, Mansehra Colony, Murtaza Chowrangi, Singer Area Road No.13000, Korangi No.5, Korangi No.4, Korangi No.3, Korangi No.2, Korangi No.1, Qayyumabad, Shaheed-e-Millat Road, Baloch Colony, Nursery, Tariq Road, Sabzi Mandi, Hassan Square, Liaquatabad No.10, Petrol Pump, Board Office, Hyderi, Sakhi Hassan, U.P Mour, Saleem Centre, Do Minute Chowrangi, Surjani Town.
Rainbow Coach ,North Karachi Sector 2 to Korangi No.1 ,North Karachi Sector 2, Disco Mour, Qalandari Chowk, Pahar Ganj, Paposh, Petrol Pump, Lasbella, Guru Mandir, Numaish, Plaza, M.A Jinnah Road, Qamar House, State Bank, Pakistan Chowk, Shaheen Complex, P.I.D.C, Super Market, Sunset Boulevard, Korangi No.1.
Rainbow Flying Coach ,North Karachi Sector No.2 to Gulshan-e-Hadeed Phase 3,North Karachi Sector 2, Disko Mour, Qalandari Chowk, Pahar Gang, Paposh Nagar, Nazimabad Petrol Pump, Lesbella, Guru Mandir, Numaish, Plaza, M.A Jinnah Road, Qamar House, State Bank, Pakistan Chowk, Shaheen Complex, P.I.D.C, Super Market, Sunset Blvd, Korangi No.1, Korangi No.6, Landhi No.6, Landhi No.1, Quaidabad, Gulshan-e-Hadeed Phase 3
Razzak Coach ,Agra Taj Colony to Rehri Goth,Agra Taj Colony, Lee Market, Garden, Lasbela, Teen Hati, New Town, Dalmia, Drigh Road, Malir, Quaidabad, Rehri Goth
Rehman Coach ,Orangi No.14 to Khayaban-e-Shamsher,Orangi No.14, Orangi No.13, Orangi No.8, Orangi No.1, Qasba Mour, Bacha Khan Chowk, Habib Bank, Bara Board, Pakistan Quarters, Garden, Makki Masjid, M.A Jinnah Road, Jama Colth, Civil Hospital, Pakistan Chowk, Dr.Ziauddin Road, Shaheen Complex, P.I.D.C House, Cantt Post office, Dehli Colony, Gizri, Saudi Embassy, Khayaban-e-Shamsher.
S-2 ,Korangi 100 Quarter to Ayub Goth ,Korangi 100 Quarter, Chungi Naka Coast Guard, Korangi No.2, Korangi No.1, Korangi Crossing, Qayyumabad, Defence View, Baloch Colony, Tariq Road, Shaheed-e-Millat Road, Jail Road, Purani Sabzi Mandi, Hassan Square, NIPA Chowrangi, Rashid Minhas, Mahal City Garden, Sohrab Goth, Shahrah-e-Waliullah Road, Power House, Shafiq Mor, Godhra Chowk, Industrial Area, Godhra Camp, Saba Cinema, Ayub Goth
S-3 ,Ahsanabad to Ibrahim Hyderi,Ahsanabad, Maymar Complex, Al Asif Square, Sohrab Goth, NIPA Chowrangi, Civic Centre, Agha Khan Hospital, Jail Chowrangi, Shaheed-e-Millat Road, Baloch Colony, Korangi No.3, Akbar Shah Goth, Ibrahim Hyderi.
Safari Coach ,Maroora Goth to Mianwali Colony,Maroora Goth, Safoora Goth, Gulistan-e-Jouhar, University Road , NIPA Chowrangi, Hassan Square, Purani Sabzi Mandi, Shaheed-e-Millat Road, Tariq road, Shahrah-e-Quaideen, Gora Qabrastan, Korangi Road, Defence Mor, Punjab Chowrangi, Gizri, Saudi Embassy, Abdullah Shah Ghazi, Clifton, Boat Basin, Bilawal Chowrangi, Mai Kolachi Road, Tower, Gulbai, Shershah, Habib Bank, Banaras Chowk, Qasba Colony, Mianwali Colony
Shahbaz Coach ,Sachal Goth to Keamari,Sachal Goth, Safoora Goth, University Road, N.I.P.A, Hassan Square, Sabzi Mandi, New Town Police Station, Shaheed-e-Millat Road, Shahrah-e-Quaideen, Nursery, F.T.C, Jinnah Hospital, Cantt Station, Arts Concil, I.I Chundrigar Road, Keamari.
Shaheen Coach ,New Sabzi Mandi to Mauripur,New Sabzi Mandi, Gulshan-e-Rufi, Golden City, Maroora Goth, Safoora Goth, University, NIPA , Hassan Square, Sabzi Mandi, Islamia College, Mazar-e-Quaid, Numaish, M.A Jinnah Raod, Jama Cloth, Tower, Kharadar, Agra Taj colony, Gulbai, Mauripur
Shama Hasan Zai Coach ,Manghopir to Quaidabad,Manghopir, Baradari, Nagan Chowrangi, DC Office, Gareebabad, Hassan Square, Sabzi Mandi, Shaheed-e-Millat Road, Society Qabristan, Shahrah-e-Faisal, Gora Qabristan, Defence, Akhter Colony, Qayyumabad, Korangi No.1, Korangi No.2, Korangi No.3, Korangi No.6, Quaidabad.
Shama Shehbaz Coach ,Gulshan-e-Zia Terminal No1 to Keamari Terminal No.2,Gulshan-e-Zia Terminal No.1, Orangi No.14, Qasba Mour, Banaras, Habib Bank, Bismillah Hotel, Garden, Plaza, M.A Jinnah Road, Tower, Keamari Terminal No.2.
Sher Afzal Coach ,Awami Goth to Bilal Colony,Awami Goth, Mianwali Colony, Qasba Colony, Habib Bank, Purana Golimar, Garden, 7th Day Hospital, Mir Kran Ali Talpur Road, Lucky Star, Cantt Station, Super Market, 2 Talwar, Abdullah Shah Ghazi, Khayaban-e-Shamsher, Gizri, Sunset Bulevard, Akhter Colony, Bhittai Colony, Bilal Colony.
Shiraz Coach ,Safoora Goth to Coast Guard ,Safoora Goth, University Road, Safari Park, NIPA Chowrangi, Urdu College, Hassan Square, Purani Sabzi Mandi, New Town, Jail Road, Plaza, Jama Cloth Market, Denso Hall, Bolton Market, Tower, Jamat Khana, G.Allana Road, Bolton Market, Tower, Gulbai, Badhni Goth, Coast Guard
Silver Coach ,New Race Course to Clifton,New Race Course, University, Safari Park, Abul Hassan Isphani Road, Bhayani Heights, Disco Bakery, Gulshan Chowrangi, Samdani Hospital, 13-D Bridge, Gulshan-e-Shamim, Azizabad, Aliabad, Karimabad, Liaquatabad, Teen Hatti, P.I.B Colony, Shaheed-e-Millat Road, Society Qabristan, Kalapul, Sunset blvd, Gizri, Clifton
Star Line Coach ,Metroville No.III to Naval Colony,Metroville No.III, Abul Hassan Isphani Road, Dhoraji Colony, Disco Chowk, Gulshan-e-Iqbal, Gulshan Chowrangi, NIPA Chowrangi, Civic Centre, National Stadium, Agha Khan Hospital, T.V Station, Bahadurabad, Shaheed-e-Millat Road, Shahrah-e-Faisal, Taj Mahal Hotel, Jinnah Hospital, Askari Apartment, Cantt Station, Indian High Commission Office, Fatima Jinnah Road, Metropole Hotel, Musical Fountain, Strachen Road, Tower, Kharadar, Agra Taj Colony, Gulbai, Shershah, Baldia Town, Baldia Swat Colony, Moach Goth, Naval Colony
Super Barki Coach ,Madni Goth to Majeed Colony Sec No.2,Madni Goth, Grace Maripur, Maripur Road, Shaheen Complex, P.I.D.C, Civil Lines, Cantt Station, Mehran Hotel, Dawood Pota Road, Mir Karim Ali Talpur Road, Lucky Star, Iqbal S J Shaheed Road, Gora Qabristan, Shahrah-e-Faisal, Nata Khan, Airport, Malir, Quaidabad, Dawood Chowrangi, Dawood Mills, Bilal Chowrangi, Social Security Hospital, New Muzafarabad, Majeed Colony Sec No.2
Super Hassan Zai Coach ,Al-Azam Town to KDA,Al-Azam Town, Sohrab Goth, Moti Mehal, NIPA Chowrangi, Civic Centre, Purani Sabzi Mandi, Jail Chowrangi, Khalid-bin-Waleed Road, Shahrah-e-Quaideen, Nursery, Shahrah-e-Faisal, FTC, Taj Mahal Hotel, Jinnah Hospital, Cantt Station, Teen Hatti, Teen Talwar, Mid-East Hospital, Kothari Parade, KDA 
Tariq Afridi Coach ,Ittehad Town to Korangi No.1,Ittehad Town, Orangi No.10, Orangi No.5, Banaras Chowk, Abdullah College, Paposh Nagar, Nazimabad No.7, Petrol Pump, Liaquatabad No.10, Jahangir Road, Old Numaish, Shahrah-e-Quaideen, Kala Pul, Akhter Colony, Qayyumabad, Korangi, Korangi No.1
Tariq Coach ,Surjani Town to Shahrah-e-Quaideen,Surjani Town, Surjani K.D.A Office, Surjani Chowrangi, North Karachi Sector 5-A, Khawaja Ajmeer Nagar, Disco Mour, Qalandaria Chowk, Sakhi Hasan, Hyderi, K.D.A, Ziauddin Hospital, Karimabad, Liaquatabad, Teen Hatti, Guru Mandir, Old Exhibition, Shahrah-e-Quaideen
Tezro Coach ,Surjani Town to Orangi Town No.5,Surjani Town, Nagan Chowrangi, Sakhi Hassan, Hyderi, Nazimabad, Lasbella, M.A Jinnah Road, Saddar, Murshid Bazar, Lucky Star, Jinnah Hospital, Cantt Station, Clifton, Mai Kolachi Road, Tower, Gulbai, Shershah, Habib Bank, S.I.T.E, Banaras, Orangi Town No.5
U-1 ,Manzoor Colony to Rasheedabad ,Manzoor Colony, 100 ft Road, Azam Basti, Corporation Gate, Kalapul, Jinnah Hospital, Luck Star Hotel, Mansfield Street, Empress Market, Regal, Tibbat Centre, M.A Jinnah Road, Jama Cloth Market, City Court, Juna Market, Lee Market, Kakri Ground, Masan Road, Agra Taj Colony, Rasheedabad
UTS -12 ,Khokrapar to Tower,Khokrapar, Saudabad, Kalaboard, Shahrah-e-Faisal, Airport, Natakhan, Drigh Road, Karsaz, Baloch Colony, Nursery, Regent Plaza, Saddar, Zainab Market, Shaheen Complex, I.I. Chundrigar Road,Tower
UTS-11 ,Saudabad to Orangi No.13,Saudabad, Shahrah-e-Faisal, Karsaz, Civic Centre, Liaquatabad No.10, Nazimabad, Habib Bank, Valika, Banaras, Orangi No.5, ZMC and Orangi No.13
UTS-13 ,Khokrapar to Surjani,Khokrapar, Saudabad, Liaquat Market, Jinnah Square, Malir City, Kalaboard, Shahrah-e-Faisal, Airport, Natakhan, Drigh Road, Rashid Minhas Road, Millenium Mall, NIPA, Gulshan Chowrangi, Sohrab Goth, Nagan Chowrangi, Baradari, Surjani Town
Wali Afridi Coach ,Orangi No.16 to Cantt,Orangi No.16, Orangi No.14, Orangi No.7, Orangi No.1, Qasba Mour, Banaras Chowk, Abdullah College, Board Office, Nazimabad Petrol Pump, Liaquatabad No.10, Teen Hati, Guru Mandir, Mazar-e-Quaid, Society Office, Nursery, Gora Qabristan, Kala Pul, Cantt Station
X-20 ,Saadi town to Qasim Ali Shah,Saadi Town, Gulshan-e-Umar, Race Course, Safoora Goth, Karachi University, NIPA Chowrangi, Hassan Square, Jail Road, Plaza, Ramsawami, Shershah Ghani Chowrangi, Labour Square, Rasheedabad, Chandni Chowk, Moach Colony, Qasim Ali Shah
X-25 ,Moach Goth to 26th Street,Moach Goth, Shershah, Pankha Hotel, Mira Naka Mirza Adam Khan Road, Agra Taj Hanif Manzil, Kharadar, Ismail Jamat Khana, Tower, Keamari, Tarachand Road, KPT Ground, Shirin Jinnah Colony, Kharkar Chowrangi, Clifton, 26th Street
X-8 ,Ittehad town to Qayyumabad,Ittehad Town, Dawood Goth, Naval Colony, Moach Goth, Hub River Road, Shershah, Gulbai, Maripur Road, ICI Bridge, Kardar, Tower, Keamari, Masan Road, Shirin Jinnah Colony, Shahrah-e-Firdausi Mazar Abdullah Shah Ghazi, 26th Street, Khayaban-e-Shamsher, Saba Avenue, khayaban-e-Ittehad, Qayyumabad
